Age, IFR
0–9, 0.00002
10-19, 0.00006
20-29, 0.0003
30-39, 0.0008
40-49, 0.0015
50–59, 0.0060
60–69, 0.02
70–79, 0.051
≥80, 0.093
