Age, IFR
0–9, 0.00001
10-19, 0.00003
20-29, 0.00011
30-39, 0.00037
40-49, 0.00123
50–59, 0.00413
60–69, 0.0138
70–79, 0.0462
≥80, 0.1546
