Age, Male, Male_95%CI_Lower, Male_95%CI_Upper, Female, Female_95%CI_Lower, Female_95%CI_Upper, Mean, Mean_95%CI_Lower, Mean_95%CI_Lower
0-19, 0.00001, <0.00001, 0.00003, 0.00001, <0.00001, 0.00002, 0.00001, <0.00001, 0.00002
20-29, 0.00007, 0.00003, 0.0001, 0.00004, 0.00002, 0.00007, 0.00005, 0.00003, 0.0001
30-39, 0.0003, 0.0002, 0.0005, 0.0001, 0.00007, 0.0002, 0.0002, 0.0001, 0.0003
40-49, 0.0006, 0.0003, 0.001, 0.0003, 0.0002, 0.0006, 0.0005, 0.0003, 0.0008
50-59, 0.002, 0.001, 0.004, 0.001, 0.0008, 0.002, 0.002, 0.001, 0.003
60-69, 0.010, 0.006, 0.016, 0.005, 0.003, 0.008, 0.007, 0.004, 0.012
70-79, 0.027, 0.015, 0.014, 0.013, 0.007, 0.021, 0.019, 0.011, 0.032
≥80, 0.140, 0.079, 0.227, 0.049, 0.027, 0.080, 0.083, 0.047, 0.135 
