Age, IFR
0–9, 0.0000161
10-19, 0.0000695
20-29, 0.000309
30-39, 0.000844
40-49, 0.00161
50–59, 0.00595
60–69, 0.0193
70–79, 0.0428
≥80, 0.0780
