Age,Mean,SD
0–9, 0.023050626, 0.010155589
10-19, 0.003740804, 0.002152002
20-29, 0.05811124, 0.01555325
30-39, 0.05885978, 0.015134603
40-49, 0.09798621, 0.019197645
50–59, 0.1340735, 0.02616692
60–69, 0.325324, 0.05718672
≥70, 0.8482886, 0.08707347
